category,keyword
taste,가까워
taste,가까워요
taste,강하
taste,건강
taste,고기
taste,과도
taste,과일
taste,과채
taste,구워
taste,기본
taste,나와요
taste,디저트
taste,맛있
taste,먹거리
taste,메뉴
taste,바비큐
taste,반찬
taste,부위
taste,비교
taste,사용
taste,상태
taste,샐러드
taste,세트
taste,식사
taste,식품
taste,신선
taste,싱싱
taste,안주
taste,알차
taste,어종
taste,요리
taste,원산지
taste,음료
taste,음식
taste,재료
taste,제작
taste,제철
taste,제품
taste,조리
taste,조리법
taste,조식
taste,조합
taste,종류
taste,즉석조리
taste,즉석커피
taste,최신
taste,추천
taste,커요
taste,커피
taste,탄탄
taste,품질
taste,풍부
taste,향신료
taste,현지
taste,후식
taste,빙수
taste,치킨
taste,피자
taste,파스타
taste,스테이크
taste,샐러드
taste,버거
taste,라멘
taste,김치찌개
taste,된장찌개
taste,비빔밥
taste,떡볶이
taste,볶음밥
taste,짜장면
taste,짬뽕
taste,탕수육
taste,족발
taste,보쌈
taste,회
taste,초밥
taste,냉면
taste,칼국수
taste,순대
taste,쌀국수
taste,잡내
taste,향
taste,해산물
taste,훠궈
taste,맛
taste,삽겹살
taste,야채
taste,양념
taste,소스
taste,달콤
taste,매콤
taste,짭조름
taste,새콤
taste,담백
taste,얼큰
taste,시원
taste,진한
taste,고소
taste,부드러운
taste,칼칼
taste,매운맛
taste,단맛
taste,짠맛
taste,신맛
taste,쌉쌀한
taste,육질
taste,식감
taste,찰기
taste,고급
taste,정갈한
taste,깔끔한
taste,푸짐한
taste,싱싱한
taste,얼리지 않은
taste,숙성
taste,저염
taste,무항생제
taste,유기농
taste,자연산
taste,직화
taste,볶음
taste,튀김
taste,구이
taste,찜
taste,생선
taste,해물
taste,조개
taste,새우
taste,문어
taste,낙지
taste,마라탕
taste,우동
taste,카레
taste,리조또
taste,타코
taste,타코야키
taste,오므라이스
taste,김밥
taste,돈까스
taste,덮밥
taste,우육면
taste,부대찌개
taste,갈비탕
taste,육개장
taste,삼계탕
taste,감자탕
taste,곱창
taste,대창
taste,막창
taste,만두
taste,쭈꾸미
taste,갈비
taste,고등어구이
taste,연어
taste,대게
taste,랍스터
taste,브런치
taste,런치세트
taste,모둠
taste,한정식
taste,코스요리
taste,뷔페
taste,야식
taste,라떼
taste,에스프레소
taste,아이스커피
taste,아메리카노
taste,스무디
taste,아이스크림
taste,케이크
taste,와플
taste,팬케이크
taste,쿠키
taste,타르트
taste,머핀
taste,색이
taste,색깔
taste,색은
taste,질겨
taste,깔끔
taste,소주
taste,맥주
taste,과메기
taste,회
taste,쑥갓
taste,초장
taste,카푸치노
taste,밍밍
taste,라테
taste,아인슈페너
taste,연한
taste,연해요
taste,바리스타
taste,크림
taste,애플
taste,시나몬
taste,달달
taste,국물
taste,뜨끈
taste,면
taste,국수
taste,불어
taste,불었
taste,적당
taste,간
taste,별로
taste,아삭
taste,호불호
taste,주방장
taste,육수
taste,자극
taste,맵
taste,바질
taste,상했
taste,상해
taste,상한
taste,냄새
taste,식전
taste,빵
taste,중식
taste,볶
taste,비주얼
taste,느끼
taste,기름
taste,짠
taste,사케
taste,맑은
taste,사시미
taste,퀄리티
taste,질감
taste,쫀쫀
taste,쫀득
taste,쫄깃
taste,술이
taste,술은
taste,술에
taste,껍질
taste,백반
taste,비린
taste,비위
taste,짰
taste,짜요
taste,뚝배기
taste,보양식
taste,달지
taste,소화
taste,존맛
taste,장어
taste,꾸덕
taste,먹고
taste,먹어
taste,먹었
taste,먹는
taste,전통주
taste,부드
taste,부드러
taste,짜지
taste,샌드위치
taste,마파두부
taste,육즙
taste,잡곡과
taste,들깻잎
taste,약콩
taste,밀싹
taste,흰빵
taste,삶아
taste,나옵니다
taste,아침
taste,의약국
taste,료테
taste,미과즙
taste,지감
taste,종류와
taste,유형
taste,큰데
taste,크죠
taste,컸죠
taste,원두
taste,스테이크의
taste,스테이크맛집
taste,스테이크와
taste,김치찌개도
taste,김치찌개와
taste,김치찌개로
taste,김치찌개랑
taste,김치찌개는
taste,된장찌개도
taste,된장찌개와
taste,된장찌개는
taste,된장찌개나
taste,된장찌개에
taste,짜장
taste,깐풍기
taste,보쌈
taste,닭발
taste,게살
taste,족발
taste,편육
taste,육회
taste,어죽
taste,찜닭
taste,육회
taste,막창
taste,소금간
taste,파채
taste,끓여내
taste,찜은
taste,맛을
taste,감칠
taste,맛과
taste,어묵국
taste,내장탕
taste,목살과
taste,연포탕
taste,고갈비
taste,채소
taste,카피용
taste,새콤
taste,살벌
taste,새콤
taste,정부관료제와
taste,정부관료제에
taste,바삭
taste,굴밥
taste,쌈무
taste,굴짬뽕
taste,꽃게탕
taste,쌈장과
taste,부드럽고
taste,짠맛
taste,신맛
taste,쓴맛
taste,신맛
taste,단맛
taste,쓴맛
taste,떫은
taste,짠맛
taste,단맛
taste,떫은
taste,쓴맛
taste,신맛과
taste,쓴맛과
taste,단맛과
taste,신맛
taste,해물의
taste,육즙과
taste,식감에
taste,초무침
taste,흰밥
taste,두유의
taste,고열량
taste,흰설탕
taste,현미밥
taste,올가닉
taste,찜과
taste,쪄내는
taste,직화로
taste,게살
taste,생면
taste,무침
taste,게살
taste,숙회
taste,볶음과
taste,잡채
taste,흰살
taste,덮밥
taste,게살
taste,편육
taste,생면
taste,물회
taste,새뱅이
taste,꽁치
taste,개불
taste,꽃게
taste,숙회
taste,멍게
taste,사천식
taste,핫팟
taste,양꼬치
taste,우육면
taste,봉골레
taste,치아바타
taste,루꼴라
taste,깐풍기
taste,타코야키를
taste,타코야끼
taste,오므라이스는
taste,오므라이스가
taste,오므라이스를
taste,미나애교에
taste,해물
taste,게살
taste,전골
taste,텐동
taste,사천식
taste,완탕면
taste,마라탕
taste,샤오롱바오
taste,부대찌개에
taste,부대찌개가
taste,부대찌개의
taste,부대찌개와
taste,쌈밥
taste,더덕구이
taste,닭백숙
taste,해물탕
taste,떡갈비
taste,돌솥비빔밥
taste,아구찜
taste,막창
taste,염통
taste,곱창
taste,존맛
taste,육회
taste,목살
taste,물회
taste,목살
taste,막창
taste,등심
taste,두부조림
taste,고등어조림
taste,해파리냉채
taste,새우요리
taste,더덕구이
taste,명동맛집
taste,코스요리로
taste,코스요리의
taste,코스요리를
taste,코스요리가
taste,세트메뉴로
taste,에스프레소나
taste,에스프레소용
taste,에스프레소로
taste,아이스커피를
taste,카페모카
taste,아이스티를
taste,아메리카노에
taste,아메리카노는
taste,아메리카노만
taste,얼음보숭이
taste,케잌
taste,색깔이
taste,순수령
taste,라거
taste,쪽파
taste,얼갈이
taste,깻잎
taste,바리스타에
taste,바리스타의
taste,바리스타는
taste,애플의
taste,딸기도
taste,후룩
taste,묵밥
taste,쑥떡
taste,간의
taste,쌈장과
taste,간장맛
taste,국물맛
taste,싸먹고
taste,게살
taste,솥밥
taste,북경
taste,식후
taste,석식
taste,느꼈
taste,니혼슈
taste,맑고
taste,롱티
taste,롤업진
taste,롱나시
taste,박시핏
taste,핀턱
taste,보들
taste,간장맛
taste,찐하고
taste,감칠
taste,술은
taste,술을
taste,술이
taste,취한채
taste,감칠
taste,역한
taste,국물에서
taste,비리고
taste,첫맛은
taste,맛나서
taste,넘흐
taste,맛있었
taste,조아용
taste,핵맛
taste,맛저
taste,맛있당
taste,졸맛
taste,짱맛
taste,삼치
taste,낙지
taste,숭어
taste,먹는
taste,먹구
taste,무침은
taste,두부랑
taste,맛있네
taste,먹고
taste,먹을
taste,먹은
taste,우리술
taste,맵지
taste,짜지도
taste,썰지
taste,마파두부를
service,간격
service,구성
service,깨끗
service,냉난방
service,단체
service,대기
service,대중교통
service,동물
service,뒷정리
service,맞추
service,맞춤
service,매너
service,명확
service,방문객
service,배달
service,배려
service,배송
service,빨라요
service,빨리
service,서비스
service,선물
service,세심
service,셀프
service,셔틀버스
service,소중히
service,손발
service,손질
service,쉬워요
service,신속
service,안내
service,열정
service,예약
service,위생
service,이용
service,작업
service,장비
service,장치
service,주문
service,주차
service,주행
service,지켜
service,직접
service,진행
service,집중
service,차량
service,챙겨
service,철저
service,청결
service,체계
service,친절
service,택배
service,편리
service,편의
service,포장
service,표시
service,픽업
service,자리
service,웨이팅
service,리필
service,불편
service,깔끔
service,서빙
service,냉방
service,푸짐
service,넉넉
service,응대
service,양도
service,양이
service,양 많
service,양 적
service,이모
service,직원
service,손님
service,화장실
service,그릇
service,빨리 나와
service,빨리 나오
service,나눠
service,잘 챙겨
service,부지런
service,양 진짜
service,편안
service,앞뒤판
service,정확
service,빠르죠
service,주차
service,무료셔틀버스
service,저림과
service,쉽죠
service,셀프
service,노외
service,차량의
service,챙겨서
service,시설
service,매김한
service,매김할
service,매김
service,매김을
service,두부랑
service,굴밥
service,짱맛
service,부추전
service,조개찜
service,고객응대
service,양은
service,양을
service,나누어
service,먹기식
atmos,감각
atmos,개인
atmos,경관
atmos,고급
atmos,공간
atmos,공연
atmos,관리
atmos,규모
atmos,근처
atmos,대화
atmos,독특
atmos,디자인
atmos,라이브
atmos,매장
atmos,머무르
atmos,멋져요
atmos,모임
atmos,물놀이
atmos,방음
atmos,볼거리
atmos,부모
atmos,분위기
atmos,붐비
atmos,비주얼
atmos,사진
atmos,산책로
atmos,서핑
atmos,쇼룸
atmos,스타일
atmos,스피커
atmos,시간
atmos,시간대
atmos,시설
atmos,시원
atmos,아기
atmos,아기자기
atmos,아늑
atmos,아이
atmos,야경
atmos,야시장
atmos,야외
atmos,예뻐요
atmos,예쁜
atmos,오래
atmos,울림
atmos,음악
atmos,의상
atmos,인테리어
atmos,자연
atmos,자유
atmos,재미있
atmos,재밌
atmos,조명
atmos,조용
atmos,조용히
atmos,좌석
atmos,즐거워요
atmos,즐길
atmos,차분
atmos,채광
atmos,카페
atmos,커플
atmos,컨셉
atmos,쾌적
atmos,테마
atmos,파티
atmos,편안
atmos,프라이빗
atmos,피크닉
atmos,행사
atmos,환경
atmos,환기
atmos,휴게
atmos,넓
atmos,시끄
atmos,촘촘
atmos,감성
atmos,예쁘
atmos,루프탑
atmos,여행
atmos,뷰
atmos,자리
atmos,창가
atmos,문전성시
atmos,노포
atmos,옛스
atmos,특색
atmos,소리
atmos,색다른
atmos,이브
atmos,품위
atmos,기념일
atmos,시골
atmos,뒷골목
atmos,근사
atmos,혼밥
atmos,여유
atmos,시그니처
atmos,타대생과의
atmos,디자인과
atmos,디자인의
atmos,디자인을
atmos,매장의
atmos,커버에는
atmos,분위기를
atmos,분위기와
atmos,분위기가
atmos,스피커와
atmos,스피커를
atmos,숙박
atmos,편의
atmos,섬집
atmos,갓난
atmos,풀장은
atmos,야시장은
atmos,실내
atmos,이뻐요
atmos,예뻤어요
atmos,이쁜
atmos,인테리어가구
atmos,인테리어의
atmos,즐겨볼
atmos,즐길수
atmos,만끽할
atmos,맛볼
atmos,느낄
atmos,까페
atmos,핀탁
atmos,망또
atmos,펄감
atmos,이쁘
atmos,뷰의
atmos,매김한
atmos,매김할
atmos,매김
atmos,매김을
atmos,개짖는
atmos,몽탕
atmos,기념일을
atmos,혼술
atmos,혼밥족
atmos,쿡방
price,가격
price,가성
price,가치
price,비싼
price,비용
price,저렴
price,적립
price,적합
price,할인
price,합리
price,요금
price,000
price,",000"
price,만 원
price,천 원
price,짜리
price,쿠폰
price,결제
price,00
price,00원
price,비싸
price,별도
price,후추스
price,프라나간
